gnd,werk,von,nach
116344407,Sonette der Vittoria Colonna mit deutscher Übersetzg. 2 Bde. 1858.,,
1029760942,"Aus Kingsleys Schriften. Übersetzg. 8. (280) Göttingen 1897, Vandenhoeck & Ruprecht. Brosch. 3.60, eleg. geb. 4.60",,
1029760942,"Der Zeitgeist von L. Dougall. Autoris. Übersetzg. nach der 4. Aufl. des engl. Originals. 8. (157) Ebda. 1896. n 2., geb. n 2.60",Englisch,Deutsch
1029760942,"Römer u. Germanen. Vorträge. Nach der 9. Aufl. Übersetztg. 8. (296) Ebda. 1895. 4., in Geschenkbd. 5.",,
1029760942,"Tägliche Gedanken. Übersetzg. Aus den Schriften Kingsleys, gew. v. s. Frau. 8. (287) Ebda. 1893. 3.60, geb. 4.50, m. Goldschn. 4.80",,
1029760942,Vom Tode zum Leben. Übersetzg. Gedanken über das Leben nach dem Tode. 8. (150) Ebda. 1891. 3.,,
1029760942,"Vor zwei Iahren. Übersetzg. Rom. 2 Bde. 8. (911) Gotha 1891. F. A. Perthes. 10., geb. 12.",,
1029760942,"Wahre Worte für tapfere Männer. Ein Buch für Soldaten u. Seeleute. Übersetzg. 12. (159) Berlin 1892, Liebel. 1.40, Einbd. in Pappe 1.20, eleg. geb. 2.",,
118623249,"Worin besteht mein Glaube? Eine Studie. Aus dem russ. Manuskript d. Graf Leo Tolstoy, übers. v. S. B. 8. (294) Ebda. 1885. 6.",Russisch,Deutsch
1036250822,"Der König der Schnorrer. Von I. Zangwill. Übersetzg. 8. (193) Berlin 1897, S. Cronbach. 2.; geb. 2.50",,
1036250822,Kinder des Ghetto. Von I. Zangwill. Übersetzg. 2 Bde. 8. (736) Ebda. 1897. 7.50; geb. 10.,,
116385995,"Hector Berlioz. Erinnerungen von Ernst Legouvé. Übers. Leipzig 1897, Breitkopf & Härtel.",,
1102900117,"Zeichensprache der Indianer. Übers. aus dem Engl. nach G. Mallers. 4. (88) Sonderabdruck ans den »Mitteilgn. d. Ver. f. Erdkunde«, Halle a. S. 1882. ‒ 1001 Nacht. Eine Auswahl der schönsten morgenländ. Märchen. Mit 6 farb. Vollbildern u. vielen Text-Illstr. 4 (123) Ebda. 1896. geb. 3.",Englisch,Deutsch
11867353X,"Clifford, Wahrhaftigkeit. Übers. Berlin 1893, Ferd. Dümmler.",,
1028198051,Englisches Übungsbuch. Materialien z. Übersetzen a. d. Deutschen in das Englische u. method. Anleitg. z. Anfertigg. v. engl. Aufsätzen f. d. Oberklassen höherer Lehranstalten. 8. (164) Ebda. 1897. n 2.; geb. n 2.50,Deutsch,Englisch
118638904,Islandfischer. Von P. Loti. Übers. v. S. C. 4. Aufl. 8. (333) Ebda. 1895. n 5.; geb. in Leinw. n 6.,,
117081124,"Lerchenlied überm Ackerfelde. Für den Familienkreis der Herausgeberin bestimmt. 8. (160) Verlag der Verfasserin. ‒ Übersetzgn. aus den skandinavischen Sprachen. 4 Hefte. 8. (etwa 140) Hirschberg 1895, August Kruhl. à 1.",,Deutsch
1226177204,"Anderer Leute Kinder, aus dem Engl. des I. Habberton übersetzt. 8. (243) Halle 1891, O. Hendel, n .75; auf besserem Papier in Prachtbd. m. G. n 1.50; Mit Helenens Kinderchen in 1 Bd. geb. n 2.50",Englisch,Deutsch
1226177204,Charakter. Aus d. Engl. des S. Smiles übers. 8. (334) Ebda. 1894. n 1.; in Prachtbd. n 2.50,,
1226177204,Childe Harolds Pilgerfahrt. Epos. A. d. Engl. des Lord Byron übers. 8. (192) Ebda. 1892. n .75; geb. 1.,Englisch,Deutsch
1226177204,Die Bartoner Temperenzbewegung. Aus dem Engl. des I. Habberton übers. 8. (130) Ebda. 1892. n .50,Englisch,Deutsch
1226177204,Die Iungfrau vom See. Dichtg. A. d. Engl. des W. Scott übers 8. (135) Ebda. 1894. n .50; in Prachtbd. m. G. n 1.75,Englisch,Deutsch
1226177204,"Fortschritt u. Armut. Das Mittel dagegen, a. d. Engl. des Richard George übers. 8. (504) Ebda. 1892. n 175; geb. 2.",Englisch,Deutsch
1226177204,"Islandfahrer. Rom. A. d. Franz. des Pierre Loti übers. 8. (III, 173 m. Bildnis) Ebda. 1897. n 50; geb. .75; in Geschenkbd. bar n 2.",Französisch,Deutsch
1226177204,Liebesbriefe eines Geigers. A. d. Engl. des Eric Mackay übers. 8. (88) Ebda. 1895. n .50; in Orig. Bd. m. G. n 1.50,Englisch,Deutsch
1226177204,"Pflicht, erläut. durch Beispiele des Mutes, d. Geduld u. Ausdauer. Aus d. Engl. d. S. Smiles übers. 8. (392) Ebda. 1894. n 125; in Prachtbd. n 2.50",Englisch,Deutsch
1226177204,Selbsthilfe. Aus d. Engl. d. S. Smiles übers. 8. (388) Ebda. n 1.25; in Prachtb. n 2.50,Englisch,Deutsch
1226177204,Sparsamkeit. Aus d. Engl. d. S. Smiles übers. 8. (359) Ebda. 1895. n 1.25; in Orig.-Bd. n 2.50,Englisch,Deutsch
116159790,"Hellas Geographie, Mythologie, Geschichte u. Kulturgeschichte von Alt-Griechenland. (456 m. H.) Frankfurt 1876, Diesterweg. Ist auch ins Engl. übers. n 3.80",Deutsch,Englisch
11617093X,"Esther. (Red as a rose is she.) Rom. Von Miss Rhoda Broughton. Aus dem Engl. übers. 3 Bde. 8. (645) Leipzig 1875, E. I. Günther. n 7.50",Englisch,Deutsch
11617093X,"Wie eine Blume erblüht. (Cometh up as a flower.) Rom. Von Rhoda Broughton. Aus dem Engl. übers. 3 Bde. 8. (565) Leipzig 1877, Berlin, Nicolais Sort. n 6.",Englisch,Deutsch
117035017,Kraft u. Gesundheit. Übers.,,
102165874,Liebe und Gymnastik. Übers. d. De Amici's Fra scuola e casa. Engelhorns Allgemeine Romanbibliothek. (Ebda. 1897.) .50,Italienisch,Deutsch
119009331,"Reise zu den Aussätzigen in Sibirien. Übersetzg. der Kate Marsden. 3. Aufl. 8. (158 m. Abbildgn. u. Bildnissen) Leipzig 1895, W. Friedrich. 6.; geb. 8.",,
1262495377,"Leichtfasslicher Unterricht im Kleidermachen. Bearb. f. Schulen u. zum Selbstunterricht. 74 in den Text gedr. Schnittübersichten. 4. (75) Leipzig 1893, Hoffmann & Ohnstein. kart. n 3.50",,
12741973X,"Die Nihilistin. Rom. von Sonja Kowalewska. Aus dem Russischen übers. 12. (VI, 142) Wien 1896, Wiener Mode, Verlags-A.-G. n 1.50",Russisch,Deutsch
12741973X,"Iugenderinnerungen. (Von Sonja Kowalewska.) Aus dem Russischen übers. 8. (VIII, 205) Berlin 1897, S. Fischer. n 3.",Russisch,Deutsch
1036590674,"Erckmann-Chatrians »Waterloo«. Übers. (Meyers Volksbücher). 8. (256) Leipzig 1894, Bibliographisches Institut. .40",,
119369672,"Religio viatoris. Die vier Grundsteine meines Glaubens. Von H. E. Manning. Übers. v. E. G. 8. (68) Würzburg 1889, Woerl. .75",,
116511869,A. Brizeux' Gedichte. Übers. 1874.,,
116511869,Michel-Angelos Gedichte. Übers. 1875.,,
1049486617,"Der schöne Sepp. Eine Selbstbiographie Miss Marchall Saunders. Übersetzg. aus dem Engl. 8. (340 m. Abbildgn. u. Bildnis) Hamburg 1895, I. G. Oncken Nachfolger. 2.; geb. 3.",Englisch,Deutsch
119543559,"An des Reiches Pforten. Von Knut Hamsun. Übersetzg. München 1895, A. Langens Verlag. 3.",,
119543559,"Bei Mama. Von Arne Garborg. Übersetzg. 8. (389) Berlin 1891, S. Fischers Verlag. n 3.50; geb. n 4.50",,
119543559,"Der Lotse und sein Weib. Von Lie. Übersetzg. 8. (164) Stuttgart 1889, I. Engelhorn. .50; geb. .75",,
119543559,"Die Frau Gouverneurin von Paris. Von Math. Malling. Übersetzg. Kopenhagen 1896, A. F Host & Sön. 5.",,
119543559,"Drauf los! Von Ionas Lie. Übersetzg. Stuttgart 1893, Deutsche Verlagsanstalt.",,
119543559,"Frieden. Rom. von Arne Garborg. Übersetzg. 8. (328) Berlin 1893, S. Fischers Verlag. 3.50; geb. 4.50",,
119543559,Grossvater. Von Ionas Lie. Übersetzg. 1895. Richard Taendlers Verlag.,,
119543559,"Kapitän Mansana. Von Björnson. Übersetzg. 8. (73) Halle 1888, Hendel. .25",,
119543559,"Müde Seelen. Von Arne Garborg. Übersetzg. 8. (336) Berlin 1893, Fischer. n 3.50; geb. n 4.50",,
119543559,"Novellen, Von I. P. Iacobsen. Übersetzg. 8. (125) Ebda. 1890. n 1.50",,
119543559,"Parias. Von Ola Hansson. Übersetzg. 8. (155) Berlin 1890, Zoberbier. n 2.50",,
1095668676,"Mit Feuer und Schwert. Rom. in 4 Bdn. Aus dem Polnischen des H. Sienkiewicz übersetzt. 3. Ausg. in 2 Bdn. 8. (861) Berlin 1891 Rumbauer, n 3.; geb. n 4.",Polnisch,Deutsch
116936045,Dantes göttliche Komödie. Übers. 3 Bde. 1865.,,
116936045,"Kronen aus Italiens Dichterwalde. Übers. u. eigene Dichtgn. 16. (201) Halle 1869, Barthel. n 3.; geb. n 4.",,
137156499,"Die Beerdigung u. Verbrennung der Leichen von Besi. (Übersetzg. a. d. Ital.) Regensburg 1889, Manz.",Italienisch,Deutsch
140849203,"Antonio Allegri da Correggio. Sein Leben u. seine Werke von Corrado Ricci. Übers. aus dem Ital. 4. (420 m. Illustr.) Berlin 1897, Cosmos, Verlag für Kunst u. Wissenschaft, Prachtband 45.",Italienisch,Deutsch
140849203,Neun Monate Gefangenschaft bei Menelik. Erinnerungen eines Kriegsgefangenen in Schoa (März 1896Ianuar 1897). Übersetzg. aus dem Italien. 8. (217) Mit 3 Porträts. 3.50,Italienisch,Deutsch
140849203,"Schicksal (Fatalità). Gedichte von Ada Negri. Übersetzg. 4. Aufl. 8. (127) Berlin 1896, Alexander Duncker. geb. m. Goldschn. n 4.",,
140849203,Stürme (Tempeste). Gedichte von Ada Negri. Übersetzg. 2. Aufl. 8. (134) Ebda. n 3.; geb. m. Goldschn. n 4.,,
1299964478,"Geneviève. Übers. d. Madame de Pressensé. 8. (820) Reutlingen 1887, Fleischhauer & Spohn. br. 8.; geb. 4.",,
116229071,"Adam Homo. Übers, aus dem Dänischen des Paludan-Müller.",Dänisch,Deutsch
116229071,"Das Fest auf Solhaug. Schausp. in 3 Aufzügen von Ibsen. Übers. aus dem Norwegischen. 16. (61) Leipzig 1888, Ph Reclam jr. n .20",Norwegisch,Deutsch
116229071,Nordische Heerfahrt. Schausp. Übers. des Henrik Ibsen. 16. (69) Ebda. 1890. n .20,,
116229071,Peter Plus. Dramat. Dichtung. Übers. des Einar Christiansen. 16. (112) Ebda. 1892. n .20,,
104234075,"Erinnerungen an Berryer. Von Mme la Vicomtesse A de Ianzé, geb. de Choiseul-Gouffier. Übersetzg. aus dem Franz. v. K. 8. (227) Dresden 1885, v. Grumbkow. 3.",Französisch,Deutsch
11856661X,"Rumänische Dichtungen (mit Carmen Sylva) übers. 8. (340) 3. Aufl. Bonn 1890, Strauss. n 6.; geb. n 7.",Rumänisch,Deutsch
11856661X,"Rumänische Märchen, übers. 8. (296) Leipzig 1882, Friedrich, n 5.; geb. nn 6.",Rumänisch,Deutsch
11856661X,Rumänische Skizzen. Übers. 1877.,Rumänisch,Deutsch
126739684,"Frau Strahle von Ann' Margret Holmgren. Autorisierte Übers, v. M. K. Ebda. 1897. 1.50; geb. 2.50",,
116633174,"Gedichte von Iaroslav Vrchlický. Autor. Übersetzg. aus dem Böhmischen. Leipzig 1893, Dr. H. Roskoschny. n 1.60",,
1157525385,"Die Frau vor der Wissenschaft. Autoris. Übers. d. Iacques Lourbet. München 1897, Aug. Schupp.",,
1157525385,"Dissonanzen von George Egerton. Einzige autoris. Übers. v. D. L. 8. (333) Berlin 1891, S. Fischers Verlag. n 3.50; geb. bar n 4.50",,
1157525385,"Maggie das Strassenkind. Von Stephen Crane, autoris. Übers. von D. L. Leipzig, G. Wigand. 1.50; geb. 2.50",,
116756799,"Crispi bei Bismarck. Aus dem Reisetagebuch eines Vertrauten des italienischen Ministerpräsidenten. Übersetzg. 8. (238) Stuttgart 1894, Deutsche Verlags-Anstalt. 3.; geb. nn 4.",,
116756799,"Der Dreispitz. Übersetzg. aus d. Spanischen des P. Alarcon. 4. (32) (1876) 1880, Stuttgart, Kröner. n .50",Spanisch,Deutsch
116756799,Der Köhlerschulz. Übersetzg. aus d. Spanischen des P. Alarcon. 4. (28) (1876) Ebda. 1880. n .50,Spanisch,Deutsch
116756799,"Der Unerbittliche, Mariana, Mathilde od.: Flecken, der reinigt. Übersetzg. a. d. Spanischen des I. Echegaray.",Spanisch,Deutsch
116756799,Die Illusionen des Dr. Faustino. Übersetzg. aus dem Spanischen des I. Valera.,Spanisch,Deutsch
116756799,"Ein guter Fischzug. Übersetzg. aus dem Spanischen des P. Alarcon. 4. (24) (1876) 1880, Stuttgart, Kröner. n .50",Spanisch,Deutsch
116756799,Man soll nichts verschwören. Übersetzg. des Alfr. de Musset.,,
117625884,"Isländische Volkssagen aus der Sammlg. v. I. Árnason ausgewählt u.a. d. Isländ. übersetzt. Neue Folge. 8. (296) Berlin 1891, Mayer & Müller. 4.; geb. 5. 1. u. 2. Bd. aus. 7.60",Isländisch,Deutsch
12628430X,"Die Cliffords. Eine Erzählg. a. d. vor. Iahrh., von Mrs. Alfred Montgomery. Übers, v. O. v. L. 8. (408) Köln 1871, I. P. Bachem. 3.50",,
12628430X,"Unglaublich u. doch wahr. Histor. Rom. von Georgiana Fullerton. Genehmigte Übers, von O. von L. 6. Aufl. 8. (492) Köln 1895, I. P. Bachem. 4.; geb. n 5.50",,
1019259892,"Unter Ausonias Himmel. Lieder, metrisch ins Italien, übers. m. deutschem Originaltext. 8. (161) Rom, Wien 1894, Gerold & Co. n 2.",Deutsch,Italienisch
117073989,"Hand u. Handschuh. Rom. v. Amelia B. Edwards. Aus d. Engl. übers, v. H. L. 2 Bde. 8. (519) Leipzig 1867, Schlicke. 7.50",Englisch,Deutsch
121571181,"Dolores von Campoamar. Übers, a. d. Spanischen.",,
116942738,"Im Irrenhause. Amalie Skram. Übersetzg. Wohlfeile Ausg. 8. (293) München 1895, A Langen. 1.",,
116942738,"Professor Hieronymus. Rom. Autor. Übersetzg. aus d. Norwegisch, d. Amalie Skram. 8. (293) Paris u. Leipzig 1895, A. Langen. 3.",,
116942738,"Thorwaldsens Darstellung des Menschen. Ein kunstgeschichtl. Umriss. Übersetzt von Math. Mann. (144 m. 8 Vollbildern u. 16 Textillustr.) Berlin 1894, Siemens. 5.",,
116769513,"Ruth u. ihre Freundinnen. Aus d. Engl. der Miss. Yonge übers. 16. (292 m. Illustr.) Leipzig 1865, G. Wigand. 2.",,
116789921,Dramen von Molière. Übersetzgn.,,
117548022,"Unsere Ellen. Rom. Aus dem Amerikan. Übers. von A. S. 2 Bde. 8. (537) Breslau 1883, Schottländer. n 6.; geb. n 8.",,
12750446X,"Ausgewählte Legenden u. Gedichte. Von Gustav A. Becquer. Aus dem Spanischen übers. Leipzig 1880, W. Friedrich. 3.; geb. 4.",,
116737352,"Indiana. Von G. Sand. Übersetzg. 8. (260) Stuttgart 1883, Spemann geb. n 1.",,
116737352,"Indien. Von P. Mantegazza. Übersetzg. 8. (368) Iena 1885, Costenoble. n 8.",,
116737352,"Kaiser Wilhelm u. sein Reich. Von E. Simon. Übersetzg. a. d. Franz. 8. (483) Iena 1887, Costenoble. n 6.; geb. n 8.",,
116737352,"Märtyrer der Phantasie. Rom. von Serao. Übersetzg. 8. (471) Iena 1886, Costenoble. n 6.",,
116943548,"Das erste Auftreten des Eisens, Undset. Übersetzg. 1882.",,
116943548,"Heidnisches Zeitalter in Schweden, Hildebrand. Übersetzg. 1873.",,
116943548,"Nordische Bronzezeit, Sophus Müller. Übersetzg. 1877.",,
116943548,"Tierornamentik in Norden, Sophus Müller. Übersetzg.",,
116943548,"Ureinwohner des skandinavischen Nordens, Nilson Übersetzg. 1862.",,
116943548,"Ursprung u. erste Entwickelung der Bronzekultur im südöstlichen Europa, S. Müller. Übersetzg. 1883.",,
116943548,"Vorgeschichte des Nordens, Vorsage. Übersetzg. 1878.",,
116943548,"Zur Nibelungensage, Säve; Einfluss d. klass. Völker, Viberg etc. Übersetzgn. 1867.",,
1050402022,"Kreuz und Kalvarienberg. Übersetzg. 8. (222) Dülmen 1890, Laumann. geb. .75",,
117134082,Die Kinder m. dem Gummiball. Autoris. Übersetzg. v. M. M. 12. (27) Ebda. 1895. n .20,,
116928654,"Elisabeth Prentiss. Ihr Leben u. ihre Briefe. In teilweise verkürzter u. Freier Übersetzg. 8. (278) Basel 1888, Geering. n 4.80; geb. n 6.",,
116928654,"Errungen. Erzählg. a. d. Quäkerleben, von Emma Marshall. Übersetzg. 2. Ausg. 8. (375) Leipzig 1887, Hinrichs Verlag. n 1.; geb. n 1.50",,
116928654,"Fritz u. Maria u. ich, von E. Prentiss. Übersetzg. 8. (64) Itzehoe 1874, Nusser. n .75",,
116928654,"Himmelan. Von E. Prentiss. Übersetzg. 6. Aufl. 8. (391) Basel 1894, A. Geering. n 3.; geb. n 4.",,
116928654,"Höhen u. Tiefen. »Ad Coelum« von Emma Marshall. Übersetzg. 8. (318) Stuttgart 1881, I. F. Steinkopf. n 3.; geb. n 4.",,
116928654,"Königstöchter, von Emma Marshall. Erzählg. Übersetzg. 8. (316) Bremen 1890, Heinsius, Nachfolger. n 3.; geb. n 4.",,
116928654,"Licht aus Finsternis. Erzählg. aus dem deutsch-französ. Kriege. Aus d. Engl. von Annie Lucas. Übersetzg. 8. (258 m. Vignetten) Leipzig 1890, Böhme Nachfolger. n 2.75; Einbd. nn 1.",,
116928654,"Magdalena Wydvilles Erinnergn. Under Salisbury Spire von Emma Marshall. Erzählg. aus der Zeit der Bürgerkriege Englands. Autoris. Übersetzg. 8. (238) Berlin 1896, Buchhandlung der Deutschen Lehrer-Zeitung. n 2.; geb. n 2.50",,
116928654,"Marcella Grace. Eine Erzählg. aus Irlands Gegenwart. Autoris. Übersetzg. Von Rosa Mullholland. 8. (323) Braunschweig 1891, Grüneberg. n 3.; geb. n 4.",,
116928654,"Meine Grossmutter, von Evelyn Everett Green. Übersetzg. 8. (339) Basel 1887. A. Geering. n 3.20; geb. n 4.20",,
116928654,"Nebel im Thal. Eine Erzählg. von Agnes Giberne. Übersetzg. 8. (172) Leipzig 1884, Drescher. n 2.80; geb. bar n 3.50",,
116928654,"Vater u. Tochter. Eine Erzählg. von Agnes Giberne. Übersetzg. 8. (412) Basel 1882, Schneider. n 4.20; geb. n 5.40",,
116928654,"Von Herzen treu. Eine Familiengeschichte von Emma Marshall. Übersetzg. 2. Ausg. 8. (361) Leipzig 1887, Hinrichs Verlag. n 1.; geb. n 1.50",,
116928654,"Was Lizzie erzählte. Gentleman Iim von E. Prentiss. Übersetzg. 8. (126) Leipzig 1884, Böhme. n 1.30; geb. n 2.",,
116928654,"Wie ich zum Frieden kam. Übersetzg. 5. Aufl. Leipzig, Ungleich.",,
116928654,"Wie wir uns fanden. Erzählg. aus dem Amerik. von M. R. Higham, Übersetzg. 8. (288) Leipzig 1887, I. Naumann. n 2.50; geb. n 3.50",,
116928654,"Zuletzt. Eine Erzählg. von Emma Marshall. Übersetzg. 8. (348) Hamburg 1882, Grädener & R. n 3.60; geb. n 4.80",,
1095905597,"Schiffe, die nachts sich begegnen. Rom. v. Beatrice Harraden. Autoris. Übers, aus d. Engl. v. L. N. 8. (160) Stuttgart 1895, I. Engelhorn. n .50; geb. n .75",,
120510774,"Freihandel u. Schutzzoll, von Fawcett. Übersetzg. Leipzig 1878, Brockhaus.",,
120510774,"Geschichte einer Mine, Ton Bret Harte. Übersetzg. Leipzig 1880, Ph. Reclam jun.",,
120510774,"Ihr ärgster Feind. Rom. von Mrs. Alexander. Übersetzg. Leipzig 1879, Engelhorn.",,
120510774,"Indische Märchen, von Miss Frere. Übersetzg. Iena 1875, Costenoble. geb. 6.",,
120510774,"Ursprung der Civilisation, von Sir Iohn Lubbock. Übersetzg. Iena 1894, Costenoble.",,
120510774,"Vorgeschichtliche Zeit, von Sir Iohn Lubbock Übersetzg. Ebda. 1873.",,
1179380533,Felle Farina. Übers. d. Ouida. 1873.,,
1179380533,"Pascarel. Rom. Übers. d. Ouida. 4 Bde. 8. (899) Leipzig 1874, E. I. Günther. n 12.",,
1179380533,"Skizzenbuch. Übers. d. Irving. 5 Hfte. 8. (381) Leipzig 1871, Violet. n .50",,
116280077,"Der Küster auf Rånö. Erzählg. von A. Strindberg. Übers. 8. (151) Breslau 1895, Schlesische Buchdruckerei n .75",,
116280077,Endymion. Rom. von Werner von Heidenstam. Übers. aus dem Schwed. 16. (195) Ebda. 1892. .40,,
116280077,"Leute auf Hemsö. Erzählg. a. d. Scheren von A. Strindberg. Aus dem Schwed. übers. 16. (178) Leipzig 1890, Ph. Reclam jr. n .40",,
113950956X,"Gedichte u. Übersetzungen. 8. (216) Frankfurt a. M. 1885, Mahlau & Waldschmidt. n 4.; geb. m. Goldschn. n 5.",,
116512113,"Der entfesselte Prometheus. Lyrisches Drama in 4 Aufz. Eine Übersetzg, des Werkes von Shelley. 2 Bdchn. Leipzig, Ph. Reclam jun. n .20",,
116550872,"Das Beharrlichkeitsbüchlein. Aus dem Franz. des Prof. I. A. Heinrich übersetzt. 82. (219) Augsburg, Liter. artist. Anstalt v. Huttler. geb. 2.20",,
1051212774,"Der Klosterschatz. Nov. v. R. de Navary. Aus d. Franz. übers. 8. (192) Bonn, P. Hauptmann. 2.",,
130166294,"Der Sohn des Giboyer. Übers. d. E. Augier. 8. (60) Wien 1865, Wallishausser. n 1.60",,
130166294,Drei Tage im Harem. Übers. aus dem Englischen.,,
130166294,"Montjoie. Übers. des O. Feuillet. 8. (51) Wien 1865, Wallishausser. n 1.20",,
117192945,Addison. Beiträge zum Zuschauer u. Plauderer. Übers. 8. (343) Berlin 1866 Eichhoff. 2.,,
117192945,"Bleakhaus. Boz. Übers. 16. (1241 m. 16 K.) Leipzig 1853, Weber. Vergriffen. n 10.",,
117192945,"David Copperfield. Boz. Übersetzg. Halle a. S., H. Gesenius.",,
117192945,"Der Affenmaler. Mariet. Übers. Stuttgart 1888, I. Engelhorn. n .50; geb. n .75",,
117192945,Die alte Geschichte. C. de Berkeley. Übers. 8. (320) Ebda. 1895. .50; geb. .75,,
117192945,"Die Pickwickier. Boz. Übers. Halle a. S., H. Gesenius.",,
117192945,Die Tochter des Malers. Mrs. Edwardes. Übers.,,
117192945,"Ein Iahr aus dem Leben einer Hausfrau in Süd Afrika. Lady Barker. Autor. Übers. 8. (333 m. 9 chemityp. Illustr.) Wien 1878, Hartleben. 4.50",,
117192945,"Ein Millionär (Mr. Iervis). Rom, in 2 Bdn. B. M. Croker. Übers. Stuttgart 1898, I. Engelhorn. .50; geb. .75",,
117192945,Eine Tochter des Philisters. Rom. in 2 Bdn. H. H. Boyesen. Übers. 8. (296) Ebda. 1887. n .50; geb. n .75,,
117192945,Geopfert. G. Simmy. Übers. 8. (159) Ebda. 1894. .50; geb. .75,,
117192945,"Harte Zeiten. Boz. Übers. 3 Bde. 16. (484 m. 12 K.) Halle a. S. 1856, H. Gesenius. n 3.",,
117192945,"Iean Mornas. I. Claretie. Übers. 8. (159) Stuttgart 1889, I. Engelhorn. n .50; geb. n .75",,
117192945,Lady Dorotheas Gäste. Ouida. Übers. Ebda. 1888.,,
117192945,Lea. Edwardes. Übers.,,
117192945,Mein erster Klient u. andere Geschichten. H. Conway. Übers. 8. (159) Ebda. 1893 .50; geb. .75,,
117192945,"Mischa. Sittenbild aus Galizien. Marg. Paradowska. Übers. 8. (160) Stuttgart 1892, I. Engelhorn. n .50; geb. n .75",,
117192945,"Oliver Twist. Boz. Übers. 16. 3 Tle. 4. Aufl. (507) Halle a. S. 1863, H. Gesenius. n 3.",,
117192945,"Schwer geprüft. Rom. in 2 Bdn. I. Mastermann. Übers. 8. (312) Stuttgart 1892, I. Engelhorn. .50; geb. .75",,
117192945,Von der Grenze. Bret. Harte. Übers. 8. (160) Ebda. 1886. .50; geb. .75,,
117192945,Vornehme Gesellschaft. H. Aidé. Übers. 8. (159) Ebda. 1884. n .50; geb. n .75,,
117192945,"Wilder Wein. Edwardes. Übers. a. d. Engl. 8. (273) Wien 1874, Hartleben. 11.",,
117192945,"Wunderbare Gaben u. andere Geschichten. H. Conway. Übers. 8. (160) Stuttgart 1889, I. Engelhorn. n .50; geb. n .75",,
117192945,Zwischen Lipp' u. Kelchesrand. Rom. in 2 Bdn. (Le Iournal de Mlle de Sommers.) C. de Berkeley. Übers. 8. (320) Ebda. 1893. .50; geb. .75,,
117502502,Agamemnon. Von Aeschylos. Übers. 1857.,,
117502502,Bacchantinnen. Von Euripides. Übers. 1869.,,
117502502,Elektra. Von Euripides. Übers. 1857.,,
117502502,Oedipus in Kolonos. Von Sophokles. Übers. 1857.,,
117502502,Prometheus. Von Aeschylo. Übers. 1855.,,
117502502,Vögel. Von Aristophanes. Übers. 1869.,,
105349758X,"Die Abenteuer des Telemach. Übers. des Fénélon. 5 Hefte. (400) Leipzig 1876, 1877, Violet. n .50",,
116129859,Ada und Paoletto. Von Rosalie Loveling. Übers. 1880.,,
116129859,Akbar. Von Limburg-Brouwer. Übers.,,
116129859,Niederländische Legende des 15. Iahrh von Beatrys. Übers.,,
1159716285,"Antike Denkmäler u. Gebräuche. Übersetzg. aus dem Ital. der Gräfin Dr. Ersilia Lovatelli Caëtani. 8. (108) Leipzig 1896, G. Freund. 2.",,
1159716285,"Nach der Hochzeit. Von Neera. Übersetzg. 8. (142) Stuttgart 1893, Deutsche Verlags-Anstalt. 1.; geb. 1.50",,
132244829,"Iocelyn. Tagebuch e. Dorfpfarrers. Ep. Dichtg. Übersetzg. d. A. de Lamartine. 8. (353) Hamburg 1880, Grüning. 3.60; geb. 5.",,
11712477X,"Epikuräer, der, von Thomas Moore. Aus dem Engl. übers. 12. (136) Coserow 1896, Gebrüder Schlechter. .60",,
117421987,"Von welchen Bedingungen ist eine wirksame Armenpflege abhängig? Vortrag, gehalten zu Bristol vor einer Versammlg. von Armenpflegerinnen von Margaret Sewell. Autorisierte Übers. von I. Sch. 8. Berlin 1897, Ferd. Dümmler. .20",,
104917660X,"Quo vadis. Aus dem Polnischen des Heinr. Sienkiewicz. Autor. Übers. von M. S. 2 Bde. Wien 1898, A. Hartleben. à .75",,
117480932,"Yeast, ein Problem, od. Was Herr Lancelot Smith dachte, sprach und that. Rom. Übers. aus dem Engl. d. Kingsley. 2. Aufl. 8. (393) Leipzig 1892, F. A. Brockhaus. 5.; geb. 6.",,
1260694305,"Drei Mann in einem Boot. Übers. des I. K. Ierome. Leipzig 1898, A. Schumann.",,
1260694305,"Zu Rad durch das heutige Spanien. Übers. aus dem Englischen d. F. B. & W. H. Workman. 8. (260) Baknang, Würt. 1898, F. Mürdtner. 3.",,
117261564,"Malbuch für das kleine Volk. Übersetzg. d. Kate Greeneway. München 1881, Th. Ströfer. kart. 1.50; geb. 2.50",,
135318661,"Dasselbe III. Bd. Strahlen u. Schatten. »Rayons et ombres.« Gedichte von V. Hugo, übersetzt v. H. Stradal. (185) Ebda. 1897. 3.; geb. 4.",,
118837052,Schloss Pinon. Gräfin Dash. Übersetzg. 8. (456) Ebda. 1845. 5.40,,
135829305,Menschheitsdienst. Übersetzg. d. Morison. 1890.,,
133543730,"Die Belagerung von Paris. Eindrücke u. Erinnergn. Von Sarcey. Aus dem Franz. übersetzt. 16. (320) Leipzig 1893, Ph. Reclam jr. .60; geb. 1.",,
133543730,Die Braut von Lammermoor. Rom. v. Scott. Übersetzg. aus dem Engl. 16. (409) Ebda. 1892. .60; geb. 1.,,
133543730,"Nacht und Morgen. Von L. Bulwer. Übersetzg. aus dem Engl. 16. (656) Leipzig 1894, Ph. Reclam jr. 1.; geb. 1.50",,
133543730,Picciola. Von H. B. Saintine. Übersetzg. 16. (158) Ebda. 1883. .40,,
133543730,Sergius Panin. Rom. v. G. Ohnet. Aus dem Franz. übers. 16. (312) Ebda. 1895. .60; geb. 1.,,
1206659122,"Nikodemus, ein biblisches Charakterbild. Von Rud. Schmidt. Übersetzt aus dem Dänischen. 8. (35) Berlin 1890, S. Fischer. .50",,
1050530055,"Corruption. Übers. d. Perry White. Stuttgart 1898, I. Engelhorn.",,
1050530055,"Lady Dianas Geheimnis. Rom. Übers. d. Florence Marryat. 8. (286) I. Band. Mannheim 1894, I. Bensheimer. 4.; geb. 5.",,
117142638,Dänische Volkslieder. Übers. 1858.,,
117142638,Finnländische Volkslieder. Übers. 1868.,,
117142638,Isländische Volkslieder. Übers. 1866.,,
117142638,Norwegische Volkslieder Übers. 1864.,,
117142638,Schottische Volkslieder. Übers. 1861.,,
133737144,"Der kleine Lord Fauntleroy. Rom. v. Frances Hodgsan Burnett. Aus dem Engl. übers. 16. (184) Leipzig 1896, Bibliographisches Institut. .10",,
116203838,Enoch Arden v. Tennyson. Übersetzg. 1869.,,
1119901359,"Die es that. Rom. Aus dem Englischen des Grant Allen übersetzt. 8. (179) Zürich 1896, Verlag von Sterns »Litterar. Bulletin der Schweiz«. 1.60",,
116868589,"Violetta. Von Mme. Desbordes-Valmore. Aus dem Franz. übers, v. A. W. 2 Bde. 8. (355) Leipzig 1840, Kollmann. 6.75",,
116868589,"Wanderungen in Italien. Von Lady Blessington. Nach dem Engl. übers, v. A. W. 2 Tle. 8. (616) Ebda. 1841. 7.50",,
102211671,Des Lebens traurige Komödie. Sittenbilder a. d. span. Leben. Von P. L. Coloma. Übersetzg. 2 Bde. 8. Wien. Austria. à 1.80,,
102211671,Drei spanische Sittengemälde. Aus dem Span. d. Caballero übers. 1863.,,
102211671,Elia. Aus dem Span. d. Caballero übers. 1860.,,
102211671,"Neueste Schriften von F. Caballero. Übersetzg. 8. (214) Wien 1863, Kirsch. 2.",,
102211671,"Relig. Aufsätze von F. Caballero. Übers. v. H. W. 8. (164) Wien 1865, Kirsch. 1.20",,
1245938452,"Des Benhams Gelübde. Übersetzg. der Aemilia Edward. Leipzig, E. I. Günther. 3.",,
1245938452,Lothar. Übersetzg. des D'Israeli. Ebda. 3.,,
117147303,"Träume. Autorisierte Übersetzg. d. Olive Schreiner. Mit einer Einleitung von Professor Friedrich Iodl. 8. (99) Berlin 1894, Ferd. Dümmler. 1.60; geb. 2.40",,
